<?xml version="1.0" encoding="UTF-8"?>
<project-private xmlns="http://www.netbeans.org/ns/project-private/1">
    <editor-bookmarks xmlns="http://www.netbeans.org/ns/editor-bookmarks/2" lastBookmarkId="0"/>
    <open-files xmlns="http://www.netbeans.org/ns/projectui-open-files/2">
        <group>
            <file>file:/C:/Users/Win10/Documents/NetBeansProjects/shopping/web/orchid.jsp</file>
            <file>file:/C:/Users/Win10/Documents/NetBeansProjects/shopping/web/about.jsp</file>
            <file>file:/C:/Users/Win10/Documents/NetBeansProjects/shopping/web/reglogin.jsp</file>
            <file>file:/C:/Users/Win10/Documents/NetBeansProjects/shopping/web/search.jsp</file>
            <file>file:/C:/Users/Win10/Documents/NetBeansProjects/shopping/web/jashmin.jsp</file>
            <file>file:/C:/Users/Win10/Documents/NetBeansProjects/shopping/web/sunflower.jsp</file>
            <file>file:/C:/Users/Win10/Documents/NetBeansProjects/shopping/web/adminWelcome.jsp</file>
            <file>file:/C:/Users/Win10/Documents/NetBeansProjects/shopping/web/checkout.jsp</file>
            <file>file:/C:/Users/Win10/Documents/NetBeansProjects/shopping/web/index.jsp</file>
            <file>file:/C:/Users/Win10/Documents/NetBeansProjects/shopping/web/lavender.jsp</file>
            <file>file:/C:/Users/Win10/Documents/NetBeansProjects/shopping/web/sessiontest.jsp</file>
            <file>file:/C:/Users/Win10/Documents/NetBeansProjects/shopping/web/orderView.jsp</file>
            <file>file:/C:/Users/Win10/Documents/NetBeansProjects/shopping/web/lily.jsp</file>
            <file>file:/C:/Users/Win10/Documents/NetBeansProjects/shopping/web/liatris.jsp</file>
            <file>file:/C:/Users/Win10/Documents/NetBeansProjects/shopping/web/rose.jsp</file>
            <file>file:/C:/Users/Win10/Documents/NetBeansProjects/shopping/web/daffodils.jsp</file>
            <file>file:/C:/Users/Win10/Documents/NetBeansProjects/shopping/web/afterlogin.jsp</file>
        </group>
    </open-files>
</project-private>
